"Begin Time - msec","End Time - msec","R.Speech_form",
0,6524,""
6524,6806,"OK"
6806,7582,"haha"
7582,8064,""
8064,8158,"ich"
8158,8322,"versuchs"
8322,8416,"jetzt"
8416,8657,"einfach"
8657,8881,"mal"
8881,9192,""
9192,9310,"könnt"
9310,9504,"grad"
9504,9621,"durch"
9621,9868,"sone"
9868,10238,"Art"
10238,11408,"Bauklötzchenwelt"
11408,11875,"gefahren"
11875,12210,"worden"
12210,12598,"wie"
12598,12962,""
12962,13309,"wie"
13309,13556,"son"
13556,14244,"Touristentrip"
14244,14527,""
14527,14674,"und"
14674,15026,"dann"
15026,15148,"hat"
15148,15301,"der"
15301,15389,"an"
15389,15683,"fünf"
15683,16124,"Landmarken"
16124,16353,"halt"
16353,16782,"gemacht"
16782,17304,""
17304,17739,"und"
17739,18118,"ähm"
18118,18191,"du"
18191,18526,"startest"
18526,18635,"am"
18635,18894,"Anfang"
18894,19008,"auf"
19008,19155,"son"
19155,19361,"Art"
19361,19440,""
19440,19911,"Kreuzung"
19911,20223,""
20223,20379,"dann"
20379,20555,"gehts"
20555,20811,"son"
20811,21287,"geschwungenen"
21287,21446,"Weg"
21446,22251,"geradeaus"
22251,22325,"und"
22325,22410,"dann"
22410,22680,"kommst"
22680,22736,"du"
22736,22848,"auf"
22848,22965,"sone"
22965,23315,"Art"
23315,23481,"äh"
23481,24184,"Kreisverkehr"
24184,24782,""
24782,24849,"in"
24849,24925,"der"
24925,25119,"Mitte"
25119,25256,"von"
25256,25425,"dem"
25425,26075,"Kreisverkehr"
26075,26247,"ist"
26247,26323,"die"
26323,26587,"erste"
26587,27040,"Landmarke"
27040,27113,"die"
27113,27708,"Skulptur"
27708,28497,""
28497,28558,"die"
28558,28679,"war"
28679,29166,"rot"
29166,29344,""
29344,29583,"so"
29583,29946,"ähnlich"
29946,30071,"wie"
30071,30169,"n"
30169,30854,"Möbiusband"
30854,30956,"wenn"
30956,31045,"du"
31045,31176,"das"
31176,31529,"kennst"
31529,31935,""
31935,32132,"also"
32132,32444,"so"
32444,33002,""
33002,33314,"drei"
33314,34014,"Schleifen"
34014,34712,"ineinander"
34712,35463,"geschwungen"
35463,35667,"aber"
35667,35989,"alles"
35989,36199,"zu"
36199,36619,"einem"
36619,37071,"Gebilde"
37071,37447,"verbunden"
37447,38150,""
38150,38369,"hm"
38369,39096,""
39096,39640,"OK"
39640,40466,""
40466,40711,"das"
40711,40813,"war"
40813,40880,"die"
40880,41144,"erste"
41144,41759,"Landmarke"
41759,42240,""
42240,42753,"ähm"
42753,42877,""
42877,43008,"in"
43008,43126,"dem"
43126,43842,"Kreisverkehr"
43842,44075,"gings"
44075,44221,"son"
44221,44482,"bisschen"
44482,44673,"nach"
44673,45177,"links"
45177,45375,"ganz"
45375,45541,"nach"
45541,45831,"links"
45831,45901,"n"
45901,46197,"bisschen"
46197,46328,"nach"
46328,46646,"links"
46646,46853,"oder"
46853,47114,"auch"
47114,47370,""
47370,47845,"geradeaus"
47845,48236,"weiter"
48236,48552,""
48552,48679,"nach"
48679,48905,"rechts"
48905,49013,"war"
49013,49093,"auch"
49093,49160,"n"
49160,49354,"Weg"
49354,49595,""
49595,49707,"aber"
49707,49825,"is"
49825,50086,"egal"
50086,50169,"du"
50169,50436,"gehst"
50436,50653,"so"
50653,50872,""
50872,51025,"den"
51025,51156,"der"
51156,51621,"geradeaus"
51621,52057,"weitergeht"
52057,52337,"weiter"
52337,52653,""
52653,52872,"also"
52872,52975,""
52975,53175,"um"
53175,53414,"den"
53414,53758,"Sta..."
53758,54245,"Statue"
54245,54478,"drum"
54478,54599,"rum"
54599,54688,"und"
54688,54828,"dann"
54828,55175,"geradeaus"
55175,55491,"weiter"
55491,57183,""
57183,58171,"dann"
58171,60231,"hehe"
60231,61458,""
61458,61939,"läuft"
61939,62114,"man"
62114,62458,"dann"
62458,62731,"bisschen"
62731,63696,"geradeaus"
63696,64169,""
64169,64245,"und"
64245,64446,"ich"
64446,65421,""
65421,65628,"kann"
65628,65793,"mich"
65793,65978,"nich"
65978,66156,"mehr"
66156,66398,"genau"
66398,66905,"erinnern"
66905,67188,""
67188,67306,"ich"
67306,67583,"glaube"
67583,67698,"dann"
67698,67860,"bist"
67860,67962,"du"
67962,68182,"schon"
68182,68774,"relativ"
68774,68968,"direkt"
68968,69060,"auf"
69060,69194,"das"
69194,69678,"Rathaus"
69678,70261,"zugekommen"
70261,71459,""
71459,71809,"und"
71809,72303,"ähm"
72303,72678,""
72678,72742,"wenn"
72742,72802,"du"
72802,72946,"das"
72946,73372,"Rathaus"
73372,73694,"gefunden"
73694,73910,"hast"
73910,74073,"das"
74073,74251,"sieht"
74251,74430,"so"
74430,74557,"der"
74557,74974,"Grundriss"
74974,75114,"is"
75114,75223,"so"
75223,75824,"U-förmig"
75824,76548,""
76548,76844,"so"
76844,77796,""
77796,78169,"und"
78169,78933,"ähm"
78933,79086,""
79086,79204,"das"
79204,79363,"is"
79363,79545,"ganz"
79545,80267,"symmetrisch"
80267,80509,"äh"
80509,80780,"vorne"
80780,81025,"stehn"
81025,81312,"zwei"
81312,81907,"Bäume"
81907,82270,""
82270,82467,"auf"
82467,82525,"der"
82525,82646,"li..."
82646,82802,"auf"
82802,82875,"der"
82875,83190,"linken"
83190,83340,"auf"
83340,83454,"der"
83454,83760,"rechten"
83760,84035,"Seite"
84035,84225,"vor"
84225,84589,"diesem"
84589,84734,""
84734,85128,"U-Teil"
85128,85227,"der"
85227,85386,"nach"
85386,85590,"vorne"
85590,85869,"kommt"
85869,86304,"jeweils"
86304,86668,""
86668,86864,"so"
86864,87018,""
87018,87222,"so"
87223,87673," "
87673,87723,"auf"
87723,87847,"den"
87847,88249,"Seiten"
88249,88516,"sind"
88516,88944,"zwei"
88944,89324,"blaue"
89324,90085,"Wendeltreppen"
90085,91005,""
91005,91573,""
91573,91818,"und"
91818,92140,"hinten"
92140,92324,"in"
92324,92450,"der"
92450,92684,"Mitte"
92684,92761,"is"
92761,92930,"noch"
92930,93039,"son"
93039,93318,"blaues"
93318,93968,"Eingangstor"
93968,94868,""
94868,95347,"OK"
95347,95992,""
95992,96070,"wenn"
96070,96124,"du"
96124,96344,"das"
96344,96415,"da"
96415,96794,"gesehen"
96794,97117,"hast"
97117,97588,""
97588,97973,"drehst"
97973,98061,"du"
98061,98335,"dich"
98335,98634,"nach"
98634,99324,"links"
99324,100497,""
100497,101171,"und"
101171,101929,"ähm"
101929,102633,""
102633,102945,"läufst"
102945,103198,"dann"
103198,103627,"weiter"
103627,105307,""
105307,105395,"den"
105395,105579,"Wegen"
105579,106128,"dazwischen"
106128,107056,""
107056,107182,"na"
107182,107544,"gut"
107544,108082,""
108082,108207,"auf"
108207,108356,"jeden"
108356,108734,"Fall"
108734,109121,"ähm"
109121,109378,""
109378,109521,"wenn"
109521,109554,"du"
109554,109671,"nach"
109671,109884,"links"
109884,110159,"gelaufen"
110159,110375,"bist"
110375,110410,"und"
110410,110686,"weiter"
110686,110917,"gegangen"
110917,111135,"bist"
111135,111409,""
111409,111655,"kommst"
111655,111834,"du"
111834,112281,"ähm"
112281,112645,""
112645,112726,"an"
112726,112868,"einen"
112868,113317,"Fluss"
113317,113803,""
113803,113943,"dort"
113943,114155,"drehst"
114155,114187,"du"
114187,114324,"dich"
114324,114459,"wieder"
114459,114773,"rechts"
114773,114846,"und"
114846,115104,"läufst"
115104,115204,"den"
115204,115445,"Fluss"
115445,115816,"entlang"
115816,115913,"nach"
115913,116276,"hinten"
116276,117968,""
117968,118304,"irgendwann"
118304,118610,"kommst"
118610,118721,"du"
118721,119000,"an"
119000,119342,"eine"
119342,119567,"ähm"
119567,120161,"Brücke"
120161,120483,"aber"
120483,120607,"an"
120607,120788,"der"
120788,120949,"über"
120949,121089,"die"
121089,121283,"Brücke"
121283,121524,"läufst"
121524,121605,"du"
121605,121806,"nicht"
121806,122043,"drüber"
122043,122293,"sondern"
122293,122331,"du"
122331,122513,"läufst"
122513,122963,"geradeaus"
122963,123205,"weiter"
123205,124592,""
124592,125173,"ähm"
125173,125527,""
125527,125723,"die"
125723,126147,"nächste"
126147,126869,"Landmarke"
126869,127208,"ist"
127208,127767,"dann"
127767,129887,""
129887,130121,"der"
130121,130637,"Platz"
130637,130791,"mit"
130791,130979,"den"
130979,131297,"zwei"
131297,131840,"Kirchen"
131840,133438,""
133438,133925,"mhm"
133925,135791," "
135791,135954,"dann"
135954,136264,"musst"
136264,136420,"du"
136420,136581,"äh"
136581,136686,"es"
136686,136841,"geht"
136841,136998,"dann"
136998,137267,"genau"
137267,137342,"es"
137342,137505,"geht"
137505,137658,"dann"
137658,138037,"irgendwann"
138037,138230,"nicht"
138230,138381,"mehr"
138381,138767,"geradeaus"
138767,138971,"weiter"
138971,139085,"am"
139085,139398,"Fluss"
139398,139671,"lang"
139671,139808,""
139808,140018,"sondern"
140018,140082,"die"
140082,140513,"Straße"
140513,140773,"knickt"
140773,140882,"dann"
140882,141029,"nach"
141029,141304,"rechts"
141304,141428,"ab"
141428,141919,""
141919,141999,"der"
141999,142324,"folgst"
142324,142383,"du"
142383,142443,"dann"
142443,142660,"einfach"
142660,142837,"nach"
142837,143174,"rechts"
143174,143562,""
143562,143874,"hältst"
143874,144004,"dich"
144004,144243,"aber"
144243,144420,"immer"
144420,144568,"noch"
144568,144681,"so"
144681,144848,"weit"
144848,145152,"links"
145152,145264,"wie"
145264,145380,"es"
145380,145654,"geht"
145654,147228,""
147228,147515,"also"
147515,147879,""
147879,147939,"hier"
147939,148011,"is"
148011,148092,"der"
148092,148447,"Fluss"
148447,149078,""
149078,149288,"daneben"
149288,149354,"die"
149354,149943,"Straße"
149943,150023,""
150023,150119,"die"
150119,150217,"geht"
150217,150539,"irgendwann"
150539,150703,"nach"
150703,151112,"rechts"
151112,151227,"hier"
151227,151421,"kommen"
151421,151469,"n"
151469,151628,"paar"
151628,151892,"Häuser"
151892,152002,"sind"
152002,152246,"überall"
152246,152687,"Häuser"
152687,152878,""
152878,152958,"und"
152958,153037,"dann"
153037,153289,"hälst"
153289,153327,"du"
153327,153469,"dich"
153469,153627,"aber"
153627,153967,"links"
153967,154169,""
154169,154263,"und"
154263,154363,"wenn"
154363,154415,"du"
154415,154630,"dann"
154630,154753,""
154753,154907,"dich"
154907,155106,"links"
155106,155493,"umdrehst"
155493,155723,"kommst"
155723,155801,"du"
155801,155848,"auf"
155848,156067,"son"
156067,156337,"großen"
156337,156650,"Platz"
156650,157170,""
157170,157422,"und"
157422,157592,"äh"
157592,157724,"auf"
157724,157778,"der"
157778,158149,"linken"
158149,158407,"Seite"
158407,158570,"von"
158570,158705,"dem"
158705,158952,"Platz"
158952,159138,"steht"
159138,159362,"eine"
159362,159588,"Kirche"
159588,159700,"auf"
159700,159787,"der"
159787,159974,"rechten"
159974,160094,"Seite"
160094,160226,"steht"
160226,160361,"auch"
160361,160466,"ne"
160466,160831,"Kirche"
160831,161225,""
161225,161324,"die"
161324,161601,"linke"
161601,161750,"sieht"
161750,161938,"son"
161938,162298,"kleines"
162298,162577,"bisschen"
162577,162745,"aus"
162745,162860,"wie"
162860,162956,"ne"
162956,163546,"Moschee"
163546,163736,"naja"
163736,163793,"die"
163793,163981,"hat"
163981,164070,"in"
164070,164159,"der"
164159,164382,"Mitte"
164382,164628,"ein"
164628,164882,"Turm"
164882,164980,"der"
164980,165157,"oben"
165157,165208,"n"
165208,165543,"rundes"
165543,165720,"Dach"
165720,165908,"hat"
165908,166172,""
166172,166302,"mit"
166302,166396,"nem"
166396,166667,"Kreuz"
166667,166863,"drauf"
166863,167130,"aber"
167130,167857,""
167857,168035,"und"
168035,168202,"auf"
168202,168268,"der"
168268,168553,"rechten"
168553,168822,"Seite"
168822,168908,"is"
168908,168981,"ne"
168981,169285,"andere"
169285,169743,"Kirche"
169743,170170,""
170170,170283,"die"
170283,170544,"hat"
170544,170896,"zwei"
170896,171514,"Kirchtürme"
171514,171565,"die"
171565,171902,"spitz"
171902,172116,"sind"
172116,172766,""
172766,172890,"auf"
172890,172979,"dem"
172979,173332,"rechten"
173332,173422,"der"
173422,173644,"beiden"
173644,174035,"Kirchtürme"
174035,174127,"is"
174127,174237,"auch"
174237,174326,"n"
174326,174643,"Kreuz"
174643,174759,"auf"
174759,174882,"dem"
174882,175127,"linken"
175127,175350,"nich"
175350,176705,""
176705,176791,"wollen"
176791,176848,"die"
176848,176947,"das"
176947,177120,"gleich"
177120,177243,"noch"
177243,177541,"wissen"
177541,177908,""
177908,178066,"in"
178066,178180,"der"
178180,178472,"Mitte"
178472,178718,"von"
178718,179007,"der"
179007,179129,"von"
179129,179272,"der"
179272,179599,"Kirche"
179599,179678,"mit"
179678,179782,"den"
179782,179957,"zwei"
179957,180308,"spitzen"
180308,180568,"Türmen"
180568,180666,"is"
180666,180740,"n"
180740,181109,"rundes"
181109,181579,"Fenster"
181579,182290,""
182290,182395,"n"
182395,182617,"rundes"
182617,183382,"Kirchenfenster"
183382,184617,""
184617,184785,"gut"
184785,185177,""
185177,185290,"das"
185290,185338,"is"
185338,185443,"der"
185443,185661,"Platz"
185661,185721,"mit"
185721,185812,"den"
185812,186010,"zwei"
186010,186495,"Kirchen"
186495,187074,""
187074,187650,"danach"
187650,188279,"ähm"
188279,188623,""
188623,188931,"kannste"
188931,189119,"von"
189119,189284,"dort"
189284,189593,"aus"
189593,189951,"einfach"
189951,190250,"weiter"
190250,190752,"geradeaus"
190752,191062,"laufen"
191062,191519,""
191519,191747,"über"
191747,191887,"den"
191887,192168,"Platz"
192168,192582,"drüber"
192582,194030,""
194030,194272,"und"
194272,194860,"kommst"
194860,196911,"dann"
196911,198677,""
198677,199030,"ja"
199030,199242,"den"
199242,199847,"Strassen"
199847,200648,"folgen"
200648,203330,""
203330,203578,"ja"
203578,203802,"lass"
203802,203865,"mich"
203865,203955,"nur"
203955,204170,"kurz"
204170,204866,"nachdenken"
204866,206462,""
206462,206958,"äh"
206958,208684,""
208684,209121,"mhm"
209121,210589,""
210589,211275,"tja"
211275,214416,""
214416,214586,"ich"
214586,214972,""
214972,215461,"glaube"
215461,215589,"du"
215589,215812,"bist"
215812,216156,"dann"
216156,216270,"wenn"
216270,216364,"du"
216364,216654,"weiter"
216654,217064,"gelaufen"
217064,217349,"bist"
217349,217530,""
217530,217668,"bist"
217668,217753,"du"
217753,217810,"auf"
217810,218366,"sonen"
218366,218943,"T-förmige"
218943,219284,"Kreuzung"
219284,219820,"gekommen"
219820,220299,""
220299,220522,"musst"
220522,220577,"du"
220577,220737,"dich"
220737,220990,"links"
220990,221338,"drehen"
221338,222952,""
222952,223366,"und"
223366,224006,"ähm"
224006,224451,""
224451,224634,"wenn"
224634,224661,"du"
224661,224769,"dann"
224769,225007,"weiter"
225007,225573,"geradeaus"
225573,225879,"gehst"
225879,226222,""
226222,226386,"kommt"
226386,226494,"auf"
226494,226669,"deiner"
226669,226954,"rechten"
226954,227185,"Seite"
227185,227268,"n"
227268,227630,"großer"
227630,227896,"Park"
227896,227956,""
227956,228116,"das"
228116,228257,"siehst"
228257,228415,"da"
228415,228561,"siehst"
228561,228670,"du"
228670,228864,"erstmal"
228864,228980,"nur"
228980,229073,"ne"
229073,229361,"Hecke"
229361,229466,"auf"
229466,229566,"der"
229566,229836,"rechten"
229836,230224,"Seite"
230224,230464,""
230464,230557,"dann"
230557,230776,"läufst"
230776,230895,"du"
230895,231245,"weiter"
231245,231409,"bis"
231409,231540,"du"
231540,231863,"irgendwann"
231863,231912,"auf"
231912,231993,"der"
231993,232235,"rechten"
232235,232422,"Seite"
232422,232589,"son"
232589,233225,"Eingangstor"
233225,233376,"zu"
233376,233567,"dem"
233567,233734,"Park"
233734,233829,""
233829,234224,"findest"
234224,234824,""
234824,234963,"dort"
234963,235184,"drehst"
235184,235253,"du"
235253,235380,"dich"
235380,235638,"rein"
235638,235875,"läufst"
235875,235995,"durch"
235995,236140,"den"
236140,236382,"Park"
236382,236642,"durch"
236642,237211,""
237211,237305,"du"
237305,237544,"kannst"
237544,237651,"im"
237651,237926,"Prinzip"
237926,238077,"rum"
238077,238376,"laufen"
238376,238463,"wie"
238463,238552,"du"
238552,238831,"willst"
238831,238877,"in"
238877,238917,"der"
238917,239090,"Mitte"
239090,239228,"is"
239228,239281,"n"
239281,239611,"großer"
239611,239957,"See"
239957,240597,""
240597,240987,"und"
240987,241250,"ähm"
241250,241361,"um"
241361,241497,"den"
241497,241732,"See"
241732,241989,"führt"
241989,242288,"links"
242288,242384,"n"
242384,242546,"Weg"
242546,242832,"rum"
242832,243114,"rechts"
243114,243220,"n"
243220,243402,"re"
243402,243559,"Weg"
243559,243783,"rum"
243783,243951,"so"
243951,244082,""
244082,244189,"im"
244189,244600,"Kreis"
244600,245271,""
245271,245613,"und"
245613,246159,"ähm"
246159,246954,""
246954,247094,"wenn"
247094,247148,"du"
247148,247369,"also"
247369,247450,"und"
247450,247619,"durch"
247619,247759,"das"
247759,247946,"Tor"
247946,248281,"reingegangen"
248281,248530,"bist"
248530,248697,""
248697,248799,"in"
248799,248944,"dem"
248944,249186,"Park"
249186,249409,"drin"
249409,249629,"bist"
249629,250250,""
250250,250352,"auf"
250352,250499,"den"
250499,250604,"See"
250604,250957,"schaust"
250957,251329,""
251329,251480,"läufst"
251480,251521,"du"
251521,251591,"um"
251591,251712,"den"
251712,251840,"See"
251840,252061,"rum"
252061,252150,"und"
252150,252246,"auf"
252246,252359,"der"
252359,252647,"linken"
252647,252930,"Seite"
252930,253926,""
253926,254219,"ist"
254219,254378,"ein"
254378,255198,"Ausgangstor"
255198,255575,""
255575,255820,"das"
255820,256112,"kannst"
256112,256193,"du"
256193,256306,"auch"
256306,256497,"dadurch"
256497,256632,"f..."
256632,256830,"also"
256830,256975,"dort"
256975,257140,"is"
257140,257241,"auch"
257241,257421,"son"
257421,258185,"Eisstand"
258185,258314,"bei"
258314,258444,"dem"
258444,259029,"Ausgangstor"
259029,259415,""
259415,259479,"du"
259479,259768,"kannst"
259768,259836,"du"
259836,260093,"gerade"
260093,260186,"aus"
260186,260282,"dem"
260282,260730,"Ausgangstor"
260730,260984,"raus"
260984,261259,"gehen"
261259,261653,""
261653,261736,"und"
261736,261962,"läufst"
261962,262097,"dann"
262097,262488,"weiter"
262488,263132,"gerade"
263132,263508,""
263508,263811,"diesen"
263811,264022,"Weg"
264022,264193,"nach"
264193,264575,"hinten"
264575,265821,""
265821,266876,"ähm"
266876,267135,""
267135,267249,"da"
267249,267614,"gibt"
267614,267940,"es"
267940,268572,""
268572,269081,"eine"
269081,269604,"Kreuzung"
269604,269809,"noch"
269809,269918,"ne"
269918,270371,"Kreuzung"
270371,270527,"die"
270527,270765,"dritte"
270765,271142,"Kreuzung"
271142,271255,"zum"
271255,271502,"Beispiel"
271502,271716,"kannst"
271716,271803,"du"
271803,271950,"dich"
271950,272260,"rechts"
272260,272580,"drehen"
272580,272748,""
272748,272849,"dann"
272849,273033,"siehst"
273033,273147,"du"
273147,273296,"schon"
273296,273353,"n"
273353,273584,"bisschen"
273584,273825,"weiter"
273825,274241,"hinten"
274241,274447,"die"
274447,274954,"Kapelle"
274954,276208,""
276208,276727,"ähm"
276727,277769,""
277769,277869,"s..."
277869,278180,"sobald"
278180,278287,"du"
278287,278346,"aus"
278346,278470,"dem"
278470,278634,"Park"
278634,278999,"raus"
278999,279106,"sieh..."
279106,279379,"siehst"
279379,279429,"du"
279429,279455,"die"
279455,279525,"ja"
279525,279724,"eigentlich"
279724,279928,"schon"
279928,280120,"hinter"
280120,280226,"den"
280226,280550,"Häusern"
280550,280634,"die"
280634,280719,"is"
280719,280789,"n"
280789,280974,"bisschen"
280974,281123,"höher"
281123,281298,"als"
281298,281417,"die"
281417,281705,"Häuser"
281705,281792,"also"
281792,281858,"die"
281858,282140,"findest"
282140,282211,"du"
282211,282316,"dann"
282316,282481,"auch"
282481,284094,""
284094,284233,"bei"
284233,284392,"der"
284392,285253,"Kapelle"
285253,285335,""
285335,285795,"ähm"
285795,285939,"die"
285939,286398,"war"
286398,286633,""
286633,286824,"von"
286824,286899,"ner"
286899,287234,"Hecke"
287234,287744,"umgeben"
287744,288449,""
288449,288762,"vorne"
288762,289001,"waren"
289001,289221,"glaub"
289221,289326,"ich"
289326,289615,"zwei"
289615,290439,"Laternen"
290439,290916,""
290916,291147,"rechts"
291147,291275,"von"
291275,291366,"der"
291366,291712,"Kapelle"
291712,291870,"war"
291870,292046,"ein"
292046,292418,"großer"
292418,292886,"Baum"
292886,293489,""
293489,293746,"und"
293746,293843,"die"
293843,294080,"hatte"
294080,294161,"in"
294161,294277,"der"
294277,294522,"Mitte"
294522,294576,"äh"
294576,295023,"einen"
295023,295209,"einen"
295209,295544,"großen"
295544,295733,"Turm"
295733,295868,"war"
295868,296202,"relativ"
296202,296438,"recht..."
296438,296649,""
296649,296944,"relativ"
296944,297497,"quadratisch"
297497,297559,"in"
297559,297615,"der"
297615,297816,"Mitte"
297816,298022,"einen"
298022,298360,"Turm"
298360,298694,""
298694,298807,"und"
298807,298953,"oben"
298953,299100,"auf"
299100,299213,"dem"
299213,299980,"Turm"
299980,300072,"waren"
300072,300178,"da"
300178,300221,"n"
300222,300584,"Kreuz"
300586,300712,"oder"
300712,300995,"nich"
300995,301563,""
301563,301710,"ich"
301710,301920,"weiß"
301920,302059,"es"
302059,302294,"nich"
302294,302709,"mehr"
302709,303235,"doch"
303235,303352,"es"
303352,303455,"war"
303455,303495,"n"
303495,303756,"Kreuz"
303756,304034,"drauf"
304034,304112,"und"
304112,304200,"es"
304200,304269,"war"
304269,304378,"ne"
304378,304760,"Uhr"
304760,304853,"und"
304853,304907,"die"
304907,305013,"Uhr"
305013,305099,"hat"
305099,305211,"auf"
305211,305417,"drei"
305417,305538,"Uhr"
305538,305942,"gezeigt"
305942,306305,""
306305,306368,"und"
306368,306615,"vorne"
306615,306862,"hattest"
306862,307002,"du"
307002,307172,"ein"
307172,307829,"Eingangstor"
307829,307930,"ein"
307930,308225,"Fenster"
308225,308441,"links"
308441,308530,"ein"
308530,308856,"Fenster"
308856,309134,"rechts"
309134,309184,"und"
309184,309262,"auf"
309262,309383,"der"
309383,309611,"rechten"
309611,309809,"Seite"
309809,309916,"hattest"
309916,309998,"du"
309998,310187,"drei"
310187,310501,"Fenster"
310501,311833,""
311833,311985,"wirst"
311985,312038,"du"
312038,312213,"gleich"
312213,312374,"sehen"
312374,312471,"wenn"
312471,312586,"du"
312586,312725,"dort"
312725,313072,"bist"
313072,313950,""
313950,314312,"naja"
314312,315549,""
315549,316021,"OK"
316021,316430,""
316430,316836,"das"
316836,317001,"war"
317001,317068,"die"
317068,317529,"vorletzte"
317529,318069,"Landmarke"
318069,318611,""
318611,318952,"und"
318952,319327,"ähm"
319327,319687,""
319687,319897,"wenn"
319897,320013,"du"
320013,320106,"die"
320106,320623,"angeschaut"
320623,321075,"hast"
321075,321420,""
321420,321610,"drehst"
321610,321678,"du"
321678,321773,"dich"
321773,322035,"einfach"
322035,322262,"wieder"
322262,322386,"so"
322386,322593,"dass"
322593,322676,"du"
322676,322740,"die"
322740,323055,"Straße"
323055,323606,"weiterlaufen"
323606,323990,"kannst"
323990,325988,""
325988,326481,"läufst"
326481,326740,"die"
326740,327596,"hinter"
327596,329491,""
329491,329856,"äh"
329856,330577,""
330577,330895,"drehst"
330895,331026,"dich"
331026,331343,"dann"
331343,331648,""
331648,331846,"biegst"
331846,331974,"dann"
331974,332243,"irgendwann"
332243,332537,"rechts"
332537,332714,"ab"
332714,332969,"denke"
332969,333174,"ich"
333174,333519,""
333519,333635,"du"
333635,333912,"kommst"
333912,333989,"dann"
333989,334172,"schon"
334172,334459,"gerade"
334459,334603,"auf"
334603,334740,"den"
334740,335131,"Brunnen"
335131,335450,"zu"
335450,337383,""
337383,337756,"und"
337756,338356,"ähm"
338356,338611,"der"
338611,339583,"Brunnen"
339583,339944,""
339944,340248,"siehst"
340248,340651,"so"
340651,340892,"aus"
340892,340937,"das"
340937,341275,"sind"
341275,341501,"äh"
341501,341811,"is"
341811,341990,"son"
341990,342151,"kr..."
342151,342828,"kreisrunder"
342828,343234,"Brunnen"
343234,343399,""
343399,343593,"und"
343593,343768,"dann"
343768,344047,"bisschen"
344047,344349,"Wasser"
344349,344456,"und"
344456,344626,"dann"
344626,344791,"komm"
344791,344939,"so"
344939,345238,"zwei"
345238,345842,"aufgerichtete"
345842,346339,"Schalen"
346339,346394,"in"
346394,346485,"der"
346485,346792,"Mitte"
346792,347468,""
347468,347752,"und"
347752,348003,"äh"
348003,348291,"aussen"
348291,348522,"drum"
348522,348735,"rum"
348735,349223,"stehen"
349223,349571,"sechs"
349571,350086,"Laternen"
350086,350464,"so"
350464,350860,"gleichmäßig"
350860,351240,"verteilt"
351240,352324,""
352324,352579,"außen"
352579,352759,"rum"
352759,352871,"sind"
352871,353014,"noch"
353014,353112,"paar"
353112,353676,"Papierkörbe"
353676,354060,""
354060,354172,"weiß"
354172,354328,"nicht"
354328,354369,"ob"
354369,354457,"das"
354457,354655,"noch"
354655,355239,"dazugehört"
355239,356742,""
356742,357147,"ja"
357147,358210,""
358210,358525,"das"
358525,358917,"wars"
358917,359207,"ja"
359207,359259,""
359259,359397,"ich"
359397,359611,"finde"
359611,359694,"das"
359694,359811,"ganz"
359811,359904,"schön"
359904,360183,"viel"
360183,360408,"ehrlich"
360408,360730,"gesagt"
360730,360857,""
360857,360944,"ich"
360944,361054,"weiß"
361054,361126,"auch"
361126,361242,"nicht"
361242,361329,"ob"
361329,361416,"ich"
361416,361538,"alle"
361538,361814,"Wege"
361814,362315,"zwischendurch"
362315,363513,""
363513,363672,"das"
363672,363826,"glaub"
363826,364061,"schon"
364061,364358,"???"
364358,364679,"???"
364679,364918,"willst"
364918,365019,"du"
365019,365207,"willst"
365207,365270,"du"
365270,365316,"noch"
365316,365417,"mal"
365417,365733,"versuchen"
365733,365869,"zu"
365869,366320,"wiederholen"
366320,366483,"ausm"
366483,366784,"Kopf"
366784,367190,""
367190,367437,""
367437,367525,"soll"
367525,367678,"ich"
367678,367865,"kurz"
367865,367962,"noch"
367962,368048,"mal"
368048,368397,"sagen"
368397,368808,""
368808,369298,"Schnelldurchlauf"
369298,369825,""
369825,370076,"OK"
370076,370198,"du"
370198,370479,"startest"
370479,370626,"auf"
370626,370720,"ner"
370720,371241,"Kreuzung"
371241,371511,""
371511,371789,"gehst"
371789,372178,"relativ"
372178,372767,"geradeaus"
372767,372964,"kommst"
372964,373053,"auf"
373053,373186,"einen"
373186,373980,"Kreis"
373980,374077,"in"
374077,374181,"der"
374181,374441,"Mitte"
374441,374572,"ist"
374572,374749,"diese"
374749,375153,"rote"
375153,375659,"geschwungene"
375659,376217,"Skulptur"
376217,376377,"mit"
376377,376490,"den"
376490,376715,"drei"
376715,377122,"Schleifen"
377122,378294,""
378294,378425,"von"
378425,378522,"dem"
378522,378988,"Kreisverkehr"
378988,379202,"gehen"
379202,379533,"mehrere"
379533,379734,"Wege"
379734,379949,"ab"
379949,380032,"du"
380032,380296,"nimmst"
380296,380527,"den"
380527,380623,"der"
380623,381003,"relativ"
381003,381672,"geradeaus"
381672,381813,"is"
381813,381913,"n"
381913,382190,"bis"
382190,382594,"geradeaus"
382594,382929,"rechts"
382929,383520,""
383520,383610,"den"
383610,383906,"läufst"
383906,383979,"du"
383979,384196,"weiter"
384196,384552,"hinter"
384552,384795,"kommst"
384795,385053,"gerade"
385053,385150,"auf"
385150,385341,"das"
385341,385862,"Rathaus"
385862,386037,"zu"
386037,386351,""
386351,386466,"das"
386466,386866,"Rathaus"
386866,387020,"is"
387020,387141,"n"
387141,387696,"U-förmiges"
387696,388159,"Gebäude"
388159,388400,"links"
388400,388516,"und"
388516,388791,"rechts"
388791,388884,"ne"
388884,389144,"blaue"
389144,389822,"Wendeltreppe"
389822,390086,""
390086,390150,"in"
390150,390236,"der"
390236,390509,"Mitte"
390509,390597,"n"
390597,390872,"blaues"
390872,391179,"Tor"
391179,392355,""
392355,392470,"vor"
392470,392581,"dem"
392581,393063,"Rathaus"
393063,393341,"drehst"
393341,393559,"äh"
393559,393786,"biegst"
393786,393844,"du"
393844,393954,"dann"
393954,394232,"links"
394232,394392,"ab"
394392,394797,""
394797,395047,"läufst"
395047,395461,"geradeaus"
395461,395614,"bis"
395614,395712,"du"
395712,395774,"auf"
395774,395833,"n"
395833,396114,"Fluss"
396114,396408,"kommst"
396408,396776,""
396776,397005,"dort"
397005,397258,"biegst"
397258,397327,"du"
397327,397571,"rechts"
397571,397715,"ab"
397715,397777,"und"
397777,398032,"läufst"
398032,398104,"an"
398104,398213,"dem"
398213,398468,"Fluss"
398468,398725,"lang"
398725,398960,""
398960,399238,"nimmst"
399238,399420,"nicht"
399420,399560,"die"
399560,399763,"Brücke"
399763,399865,"über"
399865,399930,"den"
399930,400177,"Fluss"
400177,400389,"sondern"
400389,400558,"gehst"
400558,400841,"weiter"
400841,401368,"geradeaus"
401368,401448,"bis"
401448,401576,"es"
401576,401723,"nich"
401723,401930,"weiter"
401930,402154,"geht"
402154,402214,"und"
402214,402302,"die"
402302,402618,"Straße"
402618,402734,"son"
402734,402988,"bisschen"
402988,403194,"rechts"
403194,403583,"abbknickt"
403583,404429,""
404429,404628,"hältst"
404628,404780,"dich"
404780,405199,"versuchst"
405199,405343,"ja"
405343,405593,"weiter"
405593,405654,"wenn"
405654,405986,"möglichst"
405986,406191,"links"
406191,406301,"zu"
406301,406704,"halten"
406704,407124,""
407124,407178,"wenn"
407178,407250,"du"
407250,407419,"das"
407419,407719,"machst"
407719,407954,"kommst"
407954,408039,"du"
408039,408194,"dann"
408194,408455,"auf"
408455,408881,"ähm"
408881,409387,""
409387,409487,"den"
409487,409776,"großen"
409776,410208,"Platz"
410208,410295,"mit"
410295,410399,"den"
410399,410592,"zwei"
410592,410975,"Kirchen"
410975,411507,""
411507,411621,"die"
411621,411958,"linke"
411958,412268,"Kirche"
412268,412384,"mit"
412384,412483,"dem"
412483,412850,"runden"
412850,413023,"Dach"
413023,413105,"die"
413105,413400,"rechte"
413400,413659,"Kirche"
413659,413807,"mit"
413807,413925,"dem"
413925,414241,"zwei"
414241,414445,"el..."
414445,414646,"ähm"
414646,415057,"spitzen"
415057,415381,"Türmen"
415381,417190,""
417190,417324,"wenn"
417324,417419,"du"
417419,417622,"weiter"
417622,417779,"über"
417779,417929,"den"
417929,418241,"Platz"
418241,418564,"drüber"
418564,419009,"gehst"
419009,419295,"ähm"
419295,419556,"kommst"
419556,419626,"du"
419626,419700,"auf"
419700,419836,"n"
419836,420444,"T-förmige"
420444,420939,"Kreuzung"
420939,421262,""
421262,421461,"biegst"
421461,421624,"dort"
421624,421872,"links"
421872,422017,"ab"
422017,422523,""
422523,422948,"läufst"
422948,423382,"dort"
423382,424072,"ähm "
424072,425762,""
425762,426979,"geradeaus"
426979,427841,""
427841,428124,"bis"
428124,428471,"du"
428471,429040,"rechts"
429040,429232,"den"
429232,429534,"Park"
429534,429975,"siehst"
429975,430672,""
430672,430937,"gehst"
430937,431183,"weiter"
431183,431307,"bis"
431307,431394,"du"
431394,431495,"auf"
431495,431589,"der"
431589,431845,"rechten"
431845,432155,"Seite"
432155,432350,"das"
432350,432602,""
432602,433153,"Parktor"
433153,433484,"siehst"
433484,433789,"läufst"
433789,433833,"in"
433833,433950,"den"
433950,434208,"Park"
434208,434595,"rein"
434595,434833,""
434833,434884,"in"
434884,434948,"der"
434948,435161,"Mitte"
435161,435256,"is"
435256,435425,"ein"
435425,435776,"See"
435776,436686,""
436686,436823,"du"
436823,437059,"kommst"
437059,437133,"dann"
437133,437508,"rein"
437508,437710,"hier"
437710,437888,"geht"
437888,438088,"noch"
438088,438283,"also"
438283,438619,""
438619,438878,"läufst"
438878,438937,"die"
438937,439276,"Straße"
439276,439496,"lang"
439496,439870,""
439870,439970,"der"
439970,440264,"Park"
440264,440573,"is"
440573,440773,""
440773,440964,"so"
440964,441423,"rechtwinklig"
441423,442047,"angeordnet"
442047,442160,"so"
442160,442254,"du"
442254,442455,"läufst"
442455,442526,"die"
442526,442889,"Straße"
442889,443140,"gehst"
443140,443281,"hier"
443281,443302,"in"
443302,443443,"das"
443443,443676,"Tor"
443676,443816,"rein"
443816,444703,""
444703,444771,"und"
444771,444877,"dann"
444877,444975,"is"
444975,445013,"in"
445013,445075,"der"
445075,445310,"Mitte"
445310,445439,"hier"
445439,445575,"der"
445575,445910,"See"
445910,446332,""
446332,446493,"du"
446493,446667,"gehst"
446667,446955,"außen"
446955,447188,"rum"
447188,447303,"und"
447303,447523,"gehst"
447523,448017,"sozusagen"
448017,448404,""
448404,448530,"zu"
448530,448610,"dem"
448610,448948,"linken"
448948,449124,"Tor"
449124,449257,"wieder"
449257,449534,"raus"
449534,450942,""
450942,451015,"du"
451015,451240,"kommst"
451240,451312,"die"
451312,451713,"Straße"
451713,451928,"gehst"
451928,452050,"durch"
452050,452187,"den"
452187,452404,"Park"
452404,452470,"und"
452470,452653,"gehst"
452653,452757,"so"
452757,452925,"wieder"
452925,453195,"raus"
453195,454682,""
454682,454780,"bei"
454780,454880,"dem"
454880,455024,"Tor"
455024,455212,"steht"
455212,455355,"dieser"
455355,455710,"Eisstand"
455710,456122,""
456122,456200,"dann"
456200,456382,"gehst"
456382,456454,"du"
456454,456508,"dort"
456508,457014,"geradeaus"
457014,457389,"weiter"
457389,458443,""
458443,459054,"ähm"
459054,459470,""
459470,459744,"nimmst"
459744,460179,"irgendwie"
460179,460320,"die"
460320,460693,"dritte"
460693,461139,"Straße"
461139,461402,"außerhalb"
461402,461570,"des"
461570,461830,"Parks"
461830,462203,"rechts"
462203,462300,"und"
462300,462518,"siehst"
462518,462648,"dann"
462648,462759,"diese"
462759,462804,"äh"
462804,463215,"Kapelle"
463215,464209,""
464209,464266,"und"
464266,464340,"die"
464340,464666,"Kapelle"
464666,464803,"is"
464803,464944,"von"
464944,465026,"ner"
465026,465218,"Hecke"
465218,465909,"umgeben"
465909,466100,""
466100,466305,"hat"
466305,466560,"ein"
466560,467094,"großen"
467094,467343,""
467343,467603,"großen"
467603,467778,"Baum"
467778,467873,"auf"
467873,467991,"der"
467991,468265,"rechten"
468265,468646,"Seite"
468646,468900,""
468900,469117,"stehen"
469117,469288,"zwei"
469288,469704,"Laternen"
469704,470169,"davor"
470169,470264,""
470264,470502,"und"
470502,471078,"ähm"
471078,471726,""
471726,472142,"näm..."
472142,472703,""
472703,473006,"genau"
473006,474126,""
474126,474306,"is"
474306,474517,"noch"
474517,475057,"sone"
475057,475205,""
475205,475461,"Uhr"
475461,475605,"da"
475605,475959,"dran"
475959,476563,""
476563,477089,"ähm"
477089,478025,""
478025,478204,"nach"
478204,478325,"der"
478325,478988,"Kapelle"
478988,479395,"ähm"
479395,479658,"drehst"
479658,479721,"du"
479721,479823,"dich"
479823,480001,"wieder"
480001,480249,"weiter"
480249,480477,"läufst"
480477,480565,"die"
480565,481152,"Straße"
481152,482195,""
482195,482904,"geradeaus"
482904,483614,"weiter"
483614,484006,"und"
484006,484519,"ähm"
484519,484825,""
484825,485153,"drehst"
485153,485338,"dann"
485338,485535,"glaub"
485535,485674,"ich"
485674,486061,"irgendwann"
486061,486333,"rechts"
486333,486534,"ab"
486534,487082,""
487082,487266,"äh"
487266,487830,""
487830,488059,"und"
488059,488216,"kommst"
488216,488334,"auf"
488334,488520,"den"
488520,488761,"Brunnen"
488761,488943,"zu"
488943,489566,""
489566,489722,"und"
489722,489850,"der"
489850,490483,"Brunnen"
490483,490659,""
490659,490861,"is"
490861,490919,"n"
490919,491376,"großes"
491376,491662,"rundes"
491662,492102,"Teil"
492102,492228,""
492228,492310,"in"
492310,492374,"der"
492374,492615,"Mitte"
492615,493141,"Wasser"
493141,493352,""
493352,493660,"zwei"
493660,493838,"solche"
493838,494269,"Schalen"
494269,495111,""
495111,495512,"genau"
495512,497130,""
497130,497535,"ja"
497535,498571,""
498571,498952,"also"
498952,499082,"mit"
499082,499271,"den"
499271,499664,"Wegen"
499664,499827,"bin"
499827,499954,"ich"
499954,500029,"nich"
500029,500217,"so"
500217,500408,"ganz"
500408,500664,"sicher"
500664,500877,"musst"
500877,500957,"du"
500957,501111,"halt"
501111,501553,""
501553,501836,"manchmal"
501836,502007,"sieht"
502007,502091,"man"
502091,502186,"die"
502186,502598,"Landmarken"
502598,502736,"auch"
502736,502868,"schon"
502868,502981,"von"
502981,503416,"Weitem"
503416,503524,"dann"
503524,503774,"findst"
503774,503864,"du"
503864,503925,"es"
503925,504004,"auch"
504004,504204,"so"
504204,505173,""
505173,505327,"also"
505327,505603,"grob"
505603,505859,"müsste"
505859,505988,"es"
505988,506210,"stimmen"
506210,509036,""
509036,509340,"irgend"
509340,509412,"ne"
509412,509782,"Frage"
509782,509953,"oder"
509953,510210,"so"
510210,513586,""
513586,514051,"hehe"
514051,514540,"ja"
514540,514691,"OK"
514691,516460," "
516460,516762,"OK"
516762,517495," "
517495,520120,""
